{"cameraMode":{"drawMode":0,"name":"Shaded","section":"Shading Mode"},"sceneLighting":false,"audioPlay":false,"sceneViewState":{"m_AlwaysRefresh":false,"showFog":true,"showSkybox":false,"showFlares":true,"showImageEffects":true,"showParticleSystems":true,"showVisualEffectGraphs":true,"m_FxEnabled":true},"in2DMode":false,"pivot":{"x":0.908564567565918,"y":27.085966110229493,"z":-3.063887596130371},"rotation":{"x":-0.035985104739665988,"y":-0.020374201238155366,"z":0.0007419788162223995,"w":-0.999146580696106},"size":37.67459487915039,"orthographic":true}